model,recorded_at,new_price,used_price
AMD Ryzen 3 3100,2025-11-27,,160
AMD Ryzen 3 3300X,2025-11-27,,224
AMD Ryzen 5 3500X,2025-11-27,,220
AMD Ryzen 5 3600,2025-11-27,,300
AMD Ryzen 5 3600X,2025-11-27,,339
AMD Ryzen 5 3600XT,2025-11-27,,390
AMD Ryzen 5 5500,2025-11-27,,420
AMD Ryzen 5 5500GT,2025-11-27,,667
AMD Ryzen 5 5600,2025-11-27,,640
AMD Ryzen 5 5600G,2025-11-27,,698
AMD Ryzen 5 5600GT,2025-11-27,,730
AMD Ryzen 5 5600X,2025-11-27,,680
AMD Ryzen 5 7400F,2025-11-27,,699
AMD Ryzen 5 7500F,2025-11-27,,725
AMD Ryzen 5 7600,2025-11-27,,849
AMD Ryzen 5 7600X,2025-11-27,,890
AMD Ryzen 5 7600X3D,2025-11-27,,1680
AMD Ryzen 5 8400F,2025-11-27,,640
AMD Ryzen 5 8600G,2025-11-27,,900
AMD Ryzen 5 9500F,2025-11-27,,1030
AMD Ryzen 5 9600X,2025-11-27,,1170
AMD Ryzen 7 3700X,2025-11-27,,440
AMD Ryzen 7 3800X,2025-11-27,,478
AMD Ryzen 7 5700G,2025-11-27,,840
AMD Ryzen 7 5700X,2025-11-27,,845
AMD Ryzen 7 5700X3D,2025-11-27,,1470
AMD Ryzen 7 5800,2025-11-27,,750
AMD Ryzen 7 5800X,2025-11-27,,839
AMD Ryzen 7 5800X3D,2025-11-27,,2100
AMD Ryzen 7 7700,2025-11-27,,1100
AMD Ryzen 7 7700X,2025-11-27,,1220
AMD Ryzen 7 7800X3D,2025-11-27,,1880
AMD Ryzen 7 8700F,2025-11-27,,850
AMD Ryzen 7 8700G,2025-11-27,,1450
AMD Ryzen 7 9700X,2025-11-27,,1569
AMD Ryzen 7 9800X3D,2025-11-27,,2815
AMD Ryzen 9 3900X,2025-11-27,,710
AMD Ryzen 9 3950X,2025-11-27,,1022
AMD Ryzen 9 5900X,2025-11-27,,1160
AMD Ryzen 9 5950X,2025-11-27,,1540
AMD Ryzen 9 7900X,2025-11-27,,1650
AMD Ryzen 9 7900X3D,2025-11-27,,2000
AMD Ryzen 9 7950X,2025-11-27,,2300
AMD Ryzen 9 7950X3D,2025-11-27,,2630
AMD Ryzen 9 9900X,2025-11-27,,2250
AMD Ryzen 9 9900X3D,2025-11-27,,2989
AMD Ryzen 9 9950X,2025-11-27,,2950
AMD Ryzen 9 9950X3D,2025-11-27,,4200
INTEL Core Ultra 5 225,2025-11-27,,850
INTEL Core Ultra 5 225F,2025-11-27,,750
INTEL Core Ultra 5 230F,2025-11-27,,830
INTEL Core Ultra 5 235,2025-11-27,,1200
INTEL Core Ultra 5 245K,2025-11-27,,1402
INTEL Core Ultra 5 245KF,2025-11-27,,1179
INTEL Core Ultra 7 265K,2025-11-27,,1720
INTEL Core Ultra 7 265KF,2025-11-27,,1699
INTEL Core Ultra 9 285K,2025-11-27,,2800
INTEL Core i3-10100,2025-11-27,,515
INTEL Core i3-10100F,2025-11-27,,326
INTEL Core i3-10105,2025-11-27,,500
INTEL Core i3-10105F,2025-11-27,,379
INTEL Core i3-12100,2025-11-27,,770
INTEL Core i3-12100F,2025-11-27,,479
INTEL Core i3-13100,2025-11-27,,700
INTEL Core i3-13100F,2025-11-27,,499
INTEL Core i3-14100,2025-11-27,,800
INTEL Core i3-14100F,2025-11-27,,559
INTEL Core i5-10400,2025-11-27,,680
INTEL Core i5-10400F,2025-11-27,,500
INTEL Core i5-10600K,2025-11-27,,700
INTEL Core i5-10600KF,2025-11-27,,485
INTEL Core i5-11400,2025-11-27,,739
INTEL Core i5-11400F,2025-11-27,,483
INTEL Core i5-11600K,2025-11-27,,750
INTEL Core i5-11600KF,2025-11-27,,700
INTEL Core i5-12400,2025-11-27,,1150
INTEL Core i5-12400F,2025-11-27,,780
INTEL Core i5-12490F,2025-11-27,,795
INTEL Core i5-12500,2025-11-27,,1150
INTEL Core i5-12600K,2025-11-27,,1141
INTEL Core i5-12600KF,2025-11-27,,949
INTEL Core i5-13400,2025-11-27,,1263
INTEL Core i5-13400F,2025-11-27,,860
INTEL Core i5-13490F,2025-11-27,,880
INTEL Core i5-13500,2025-11-27,,1230
INTEL Core i5-13600K,2025-11-27,,1100
INTEL Core i5-13600KF,2025-11-27,,1035
INTEL Core i5-14400,2025-11-27,,1332
INTEL Core i5-14400F,2025-11-27,,987
INTEL Core i5-14490F,2025-11-27,,975
INTEL Core i5-14500,2025-11-27,,1200
INTEL Core i5-14600K,2025-11-27,,1277
INTEL Core i5-14600KF,2025-11-27,,1260
INTEL Core i7-10700,2025-11-27,,1200
INTEL Core i7-10700F,2025-11-27,,825
INTEL Core i7-10700K,2025-11-27,,1615
INTEL Core i7-10700KF,2025-11-27,,850
INTEL Core i7-11700,2025-11-27,,1200
INTEL Core i7-11700F,2025-11-27,,908
INTEL Core i7-11700K,2025-11-27,,1300
INTEL Core i7-11700KF,2025-11-27,,892
INTEL Core i7-12700,2025-11-27,,1656
INTEL Core i7-12700F,2025-11-27,,1348
INTEL Core i7-12700K,2025-11-27,,1650
INTEL Core i7-12700KF,2025-11-27,,1360
INTEL Core i7-13700,2025-11-27,,1850
INTEL Core i7-13700F,2025-11-27,,1405
INTEL Core i7-13700K,2025-11-27,,1920
INTEL Core i7-13700KF,2025-11-27,,1694
INTEL Core i7-14700,2025-11-27,,2350
INTEL Core i7-14700F,2025-11-27,,1760
INTEL Core i7-14700K,2025-11-27,,2044
INTEL Core i7-14700KF,2025-11-27,,1890
INTEL Core i9-10850K,2025-11-27,,1260
INTEL Core i9-10900,2025-11-27,,2200
INTEL Core i9-10900F,2025-11-27,,1100
INTEL Core i9-10900K,2025-11-27,,1750
INTEL Core i9-10900KF,2025-11-27,,1400
INTEL Core i9-11900,2025-11-27,,2000
INTEL Core i9-11900F,2025-11-27,,1309
INTEL Core i9-11900K,2025-11-27,,1930
INTEL Core i9-11900KF,2025-11-27,,1650
INTEL Core i9-12900K,2025-11-27,,1950
INTEL Core i9-12900KF,2025-11-27,,1730
INTEL Core i9-12900KS,2025-11-27,,1880
INTEL Core i9-13900K,2025-11-27,,2255
INTEL Core i9-13900KF,2025-11-27,,1959
INTEL Core i9-13900KS,2025-11-27,,2540
INTEL Core i9-14900,2025-11-27,,2600
INTEL Core i9-14900K,2025-11-27,,2712
INTEL Core i9-14900KF,2025-11-27,,2410
INTEL Core i9-14900KS,2025-11-27,,2875
AMD Ryzen 5 5500,2026-01-01,479,
AMD Ryzen 5 5500GT,2026-01-01,799,
AMD Ryzen 5 5600,2026-01-01,709,
AMD Ryzen 5 5600GT,2026-01-01,879,
AMD Ryzen 5 5600X,2026-01-01,735,
AMD Ryzen 5 7400F,2026-01-01,769,
AMD Ryzen 5 7500F,2026-01-01,819,
AMD Ryzen 5 7600X,2026-01-01,1099,
AMD Ryzen 5 8400F,2026-01-01,799,
AMD Ryzen 5 8600G,2026-01-01,1239,
AMD Ryzen 5 9500F,2026-01-01,1039,
AMD Ryzen 5 9600X,2026-01-01,1269,
AMD Ryzen 7 5700G,2026-01-01,1099,
AMD Ryzen 7 5700X,2026-01-01,919,
AMD Ryzen 7 5700X3D,2026-01-01,2179,
AMD Ryzen 7 7700,2026-01-01,1339,
AMD Ryzen 7 7800X3D,2026-01-01,2019,
AMD Ryzen 7 8700F,2026-01-01,1049,
AMD Ryzen 7 8700G,2026-01-01,1789,
AMD Ryzen 7 9700X,2026-01-01,1679,
AMD Ryzen 7 9800X3D,2026-01-01,2899,
AMD Ryzen 9 9900X,2026-01-01,2529,
AMD Ryzen 9 9900X3D,2026-01-01,3199,
AMD Ryzen 9 9950X,2026-01-01,3099,
AMD Ryzen 9 9950X3D,2026-01-01,4499,
INTEL Core Ultra 5 225,2026-01-01,1010,
INTEL Core Ultra 5 225F,2026-01-01,839,
INTEL Core Ultra 5 230F,2026-01-01,860,
INTEL Core Ultra 5 235,2026-01-01,1240,
INTEL Core Ultra 5 245K,2026-01-01,1339,
INTEL Core Ultra 5 245KF,2026-01-01,1229,
INTEL Core Ultra 5 250K Plus,2026-01-01,1339,
INTEL Core Ultra 5 250KF Plus,2026-01-01,1339,
INTEL Core Ultra 7 265K,2026-01-01,1829,
INTEL Core Ultra 7 265KF,2026-01-01,1680,
INTEL Core Ultra 7 270K Plus,2026-01-01,3659,
INTEL Core Ultra 9 285K,2026-01-01,3659,
INTEL Core i3-12100,2026-01-01,930,
INTEL Core i3-12100F,2026-01-01,530,
INTEL Core i3-13100,2026-01-01,765,
INTEL Core i3-13100F,2026-01-01,480,
INTEL Core i3-14100,2026-01-01,850,
INTEL Core i3-14100F,2026-01-01,555,
INTEL Core i5-12400,2026-01-01,1200,
INTEL Core i5-12400F,2026-01-01,830,
INTEL Core i5-12490F,2026-01-01,815,
INTEL Core i5-12500,2026-01-01,1235,
INTEL Core i5-12600K,2026-01-01,1240,
INTEL Core i5-12600KF,2026-01-01,990,
INTEL Core i5-13400,2026-01-01,1280,
INTEL Core i5-13400F,2026-01-01,870,
INTEL Core i5-13490F,2026-01-01,880,
INTEL Core i5-13500,2026-01-01,1270,
INTEL Core i5-13600K,2026-01-01,1299,
INTEL Core i5-13600KF,2026-01-01,1110,
INTEL Core i5-14400,2026-01-01,1420,
INTEL Core i5-14400F,2026-01-01,980,
INTEL Core i5-14490F,2026-01-01,1000,
INTEL Core i5-14500,2026-01-01,1410,
INTEL Core i5-14600K,2026-01-01,1388,
INTEL Core i5-14600KF,2026-01-01,1370,
INTEL Core i7-12700K,2026-01-01,1739,
INTEL Core i7-12700KF,2026-01-01,1460,
INTEL Core i7-14700,2026-01-01,2550,
INTEL Core i7-14700F,2026-01-01,1995,
INTEL Core i7-14700K,2026-01-01,2590,
INTEL Core i7-14700KF,2026-01-01,2190,
INTEL Core i9-14900K,2026-01-01,3320,
INTEL Core i9-14900KF,2026-01-01,2850,
AMD Ryzen 5 5500,2026-01-07,499,
AMD Ryzen 5 5500GT,2026-01-07,809,
AMD Ryzen 5 5600,2026-01-07,695,
AMD Ryzen 5 5600GT,2026-01-07,865,
AMD Ryzen 5 5600X,2026-01-07,739,
AMD Ryzen 5 7400F,2026-01-07,769,
AMD Ryzen 5 7500F,2026-01-07,809,
AMD Ryzen 5 7600X,2026-01-07,1089,
AMD Ryzen 5 8400F,2026-01-07,769,
AMD Ryzen 5 8600G,2026-01-07,1209,
AMD Ryzen 5 9500F,2026-01-07,1110,
AMD Ryzen 5 9600X,2026-01-07,1259,
AMD Ryzen 7 5700G,2026-01-07,1089,
AMD Ryzen 7 5700X,2026-01-07,929,
AMD Ryzen 7 5700X3D,2026-01-07,2179,
AMD Ryzen 7 7700,2026-01-07,1339,
AMD Ryzen 7 7800X3D,2026-01-07,1979,
AMD Ryzen 7 8700F,2026-01-07,1059,
AMD Ryzen 7 8700G,2026-01-07,1769,
AMD Ryzen 7 9700X,2026-01-07,1659,
AMD Ryzen 7 9800X3D,2026-01-07,2859,
AMD Ryzen 9 9900X,2026-01-07,2459,
AMD Ryzen 9 9900X3D,2026-01-07,3199,
AMD Ryzen 9 9950X,2026-01-07,3099,
AMD Ryzen 9 9950X3D,2026-01-07,4349,
INTEL Core Ultra 5 225,2026-01-07,1010,
INTEL Core Ultra 5 225F,2026-01-07,835,
INTEL Core Ultra 5 230F,2026-01-07,860,
INTEL Core Ultra 5 235,2026-01-07,1240,
INTEL Core Ultra 5 245K,2026-01-07,1339,
INTEL Core Ultra 5 245KF,2026-01-07,1229,
INTEL Core Ultra 5 250K Plus,2026-01-07,1339,
INTEL Core Ultra 5 250KF Plus,2026-01-07,1339,
INTEL Core Ultra 7 265K,2026-01-07,1850,
INTEL Core Ultra 7 265KF,2026-01-07,1680,
INTEL Core Ultra 7 270K Plus,2026-01-07,3699,
INTEL Core Ultra 9 285K,2026-01-07,3699,
INTEL Core i3-12100,2026-01-07,799,
INTEL Core i3-12100F,2026-01-07,499,
INTEL Core i3-13100,2026-01-07,765,
INTEL Core i3-13100F,2026-01-07,480,
INTEL Core i3-14100,2026-01-07,850,
INTEL Core i3-14100F,2026-01-07,555,
INTEL Core i5-12400,2026-01-07,1159,
INTEL Core i5-12400F,2026-01-07,799,
INTEL Core i5-12490F,2026-01-07,815,
INTEL Core i5-12500,2026-01-07,1235,
INTEL Core i5-12600K,2026-01-07,1240,
INTEL Core i5-12600KF,2026-01-07,990,
INTEL Core i5-13400,2026-01-07,1280,
INTEL Core i5-13400F,2026-01-07,870,
INTEL Core i5-13490F,2026-01-07,880,
INTEL Core i5-13500,2026-01-07,1270,
INTEL Core i5-13600K,2026-01-07,1259,
INTEL Core i5-13600KF,2026-01-07,1110,
INTEL Core i5-14400,2026-01-07,1420,
INTEL Core i5-14400F,2026-01-07,980,
INTEL Core i5-14490F,2026-01-07,1000,
INTEL Core i5-14500,2026-01-07,1410,
INTEL Core i5-14600K,2026-01-07,1488,
INTEL Core i5-14600KF,2026-01-07,1470,
INTEL Core i7-12700K,2026-01-07,1729,
INTEL Core i7-12700KF,2026-01-07,1460,
INTEL Core i7-14700,2026-01-07,2550,
INTEL Core i7-14700F,2026-01-07,1995,
INTEL Core i7-14700K,2026-01-07,2590,
INTEL Core i7-14700KF,2026-01-07,2190,
INTEL Core i9-14900K,2026-01-07,3320,
INTEL Core i9-14900KF,2026-01-07,2850,
AMD Ryzen 5 5500,2026-01-12,489,
AMD Ryzen 5 5500GT,2026-01-12,799,
AMD Ryzen 5 5600,2026-01-12,695,
AMD Ryzen 5 5600GT,2026-01-12,859,
AMD Ryzen 5 5600X,2026-01-12,744,
AMD Ryzen 5 7400F,2026-01-12,769,
AMD Ryzen 5 7500F,2026-01-12,809,
AMD Ryzen 5 7600X,2026-01-12,1089,
AMD Ryzen 5 8400F,2026-01-12,769,
AMD Ryzen 5 8600G,2026-01-12,1209,
AMD Ryzen 5 9500F,2026-01-12,1110,
AMD Ryzen 5 9600X,2026-01-12,1249,
AMD Ryzen 7 5700G,2026-01-12,1089,
AMD Ryzen 7 5700X,2026-01-12,895,
AMD Ryzen 7 5700X3D,2026-01-12,2179,
AMD Ryzen 7 7700,2026-01-12,1339,
AMD Ryzen 7 7800X3D,2026-01-12,1989,
AMD Ryzen 7 8700F,2026-01-12,959,
AMD Ryzen 7 8700G,2026-01-12,1769,
AMD Ryzen 7 9700X,2026-01-12,1649,
AMD Ryzen 7 9800X3D,2026-01-12,2849,
AMD Ryzen 9 9900X,2026-01-12,2459,
AMD Ryzen 9 9900X3D,2026-01-12,3199,
AMD Ryzen 9 9950X,2026-01-12,2979,
AMD Ryzen 9 9950X3D,2026-01-12,4349,
INTEL Core Ultra 5 225,2026-01-12,1010,
INTEL Core Ultra 5 225F,2026-01-12,835,
INTEL Core Ultra 5 230F,2026-01-12,860,
INTEL Core Ultra 5 235,2026-01-12,1240,
INTEL Core Ultra 5 245K,2026-01-12,1339,
INTEL Core Ultra 5 245KF,2026-01-12,1229,
INTEL Core Ultra 5 250K Plus,2026-01-12,1339,
INTEL Core Ultra 5 250KF Plus,2026-01-12,1339,
INTEL Core Ultra 7 265K,2026-01-12,1850,
INTEL Core Ultra 7 265KF,2026-01-12,1680,
INTEL Core Ultra 7 270K Plus,2026-01-12,3950,
INTEL Core Ultra 9 285K,2026-01-12,3950,
INTEL Core i3-12100,2026-01-12,789,
INTEL Core i3-12100F,2026-01-12,519,
INTEL Core i3-13100,2026-01-12,765,
INTEL Core i3-13100F,2026-01-12,480,
INTEL Core i3-14100,2026-01-12,850,
INTEL Core i3-14100F,2026-01-12,555,
INTEL Core i5-12400,2026-01-12,1159,
INTEL Core i5-12400F,2026-01-12,789,
INTEL Core i5-12490F,2026-01-12,815,
INTEL Core i5-12500,2026-01-12,1235,
INTEL Core i5-12600K,2026-01-12,1240,
INTEL Core i5-12600KF,2026-01-12,990,
INTEL Core i5-13400,2026-01-12,1280,
INTEL Core i5-13400F,2026-01-12,870,
INTEL Core i5-13490F,2026-01-12,880,
INTEL Core i5-13500,2026-01-12,1270,
INTEL Core i5-13600K,2026-01-12,1279,
INTEL Core i5-13600KF,2026-01-12,1110,
INTEL Core i5-14400,2026-01-12,1420,
INTEL Core i5-14400F,2026-01-12,980,
INTEL Core i5-14490F,2026-01-12,1000,
INTEL Core i5-14500,2026-01-12,1410,
INTEL Core i5-14600K,2026-01-12,1488,
INTEL Core i5-14600KF,2026-01-12,1470,
INTEL Core i7-12700K,2026-01-12,1739,
INTEL Core i7-12700KF,2026-01-12,1460,
INTEL Core i7-14700,2026-01-12,2550,
INTEL Core i7-14700F,2026-01-12,1929,
INTEL Core i7-14700K,2026-01-12,2590,
INTEL Core i7-14700KF,2026-01-12,2069,
INTEL Core i9-14900K,2026-01-12,3320,
INTEL Core i9-14900KF,2026-01-12,2849,
AMD Ryzen 3 3100,2026-01-14,,180
AMD Ryzen 3 3300X,2026-01-14,,235
AMD Ryzen 5 3500X,2026-01-14,,233
AMD Ryzen 5 3600,2026-01-14,,349
AMD Ryzen 5 3600X,2026-01-14,,368
AMD Ryzen 5 3600XT,2026-01-14,,380
AMD Ryzen 5 5500,2026-01-14,,425
AMD Ryzen 5 5500GT,2026-01-14,,699
AMD Ryzen 5 5600,2026-01-14,,640
AMD Ryzen 5 5600G,2026-01-14,,700
AMD Ryzen 5 5600GT,2026-01-14,,740
AMD Ryzen 5 5600X,2026-01-14,,680
AMD Ryzen 5 7400F,2026-01-14,,610
AMD Ryzen 5 7500F,2026-01-14,,685
AMD Ryzen 5 7600,2026-01-14,,1076
AMD Ryzen 5 7600X,2026-01-14,,820
AMD Ryzen 5 7600X3D,2026-01-14,,1700
AMD Ryzen 5 8400F,2026-01-14,,588
AMD Ryzen 5 8600G,2026-01-14,,1250
AMD Ryzen 5 9500F,2026-01-14,,945
AMD Ryzen 5 9600X,2026-01-14,,1110
AMD Ryzen 7 3700X,2026-01-14,,470
AMD Ryzen 7 3800X,2026-01-14,,529
AMD Ryzen 7 5700G,2026-01-14,,880
AMD Ryzen 7 5700X,2026-01-14,,845
AMD Ryzen 7 5700X3D,2026-01-14,,1780
AMD Ryzen 7 5800,2026-01-14,,800
AMD Ryzen 7 5800X,2026-01-14,,920
AMD Ryzen 7 5800X3D,2026-01-14,,2300
AMD Ryzen 7 7700,2026-01-14,,1000
AMD Ryzen 7 7700X,2026-01-14,,1115
AMD Ryzen 7 7800X3D,2026-01-14,,1823
AMD Ryzen 7 8700F,2026-01-14,,820
AMD Ryzen 7 8700G,2026-01-14,,1300
AMD Ryzen 7 9700X,2026-01-14,,1495
AMD Ryzen 7 9800X3D,2026-01-14,,2710
AMD Ryzen 9 3900X,2026-01-14,,760
AMD Ryzen 9 3950X,2026-01-14,,1160
AMD Ryzen 9 5900X,2026-01-14,,1298
AMD Ryzen 9 5950X,2026-01-14,,1700
AMD Ryzen 9 7900X,2026-01-14,,1700
AMD Ryzen 9 7900X3D,2026-01-14,,1799
AMD Ryzen 9 7950X,2026-01-14,,2200
AMD Ryzen 9 7950X3D,2026-01-14,,2774
AMD Ryzen 9 9900X,2026-01-14,,2100
AMD Ryzen 9 9900X3D,2026-01-14,,2850
AMD Ryzen 9 9950X,2026-01-14,,2888
AMD Ryzen 9 9950X3D,2026-01-14,,4150
INTEL Core Ultra 5 225,2026-01-14,,890
INTEL Core Ultra 5 225F,2026-01-14,,740
INTEL Core Ultra 5 230F,2026-01-14,,780
INTEL Core Ultra 5 235,2026-01-14,,990
INTEL Core Ultra 5 245K,2026-01-14,,1224
INTEL Core Ultra 5 245KF,2026-01-14,,1090
INTEL Core Ultra 7 265K,2026-01-14,,1630
INTEL Core Ultra 7 265KF,2026-01-14,,1580
INTEL Core Ultra 9 285K,2026-01-14,,3350
INTEL Core i3-10100,2026-01-14,,441
INTEL Core i3-10100F,2026-01-14,,300
INTEL Core i3-10105,2026-01-14,,440
INTEL Core i3-10105F,2026-01-14,,310
INTEL Core i3-12100,2026-01-14,,700
INTEL Core i3-12100F,2026-01-14,,440
INTEL Core i3-13100,2026-01-14,,599
INTEL Core i3-13100F,2026-01-14,,480
INTEL Core i3-14100,2026-01-14,,670
INTEL Core i3-14100F,2026-01-14,,510
INTEL Core i5-10400,2026-01-14,,605
INTEL Core i5-10400F,2026-01-14,,492
INTEL Core i5-10600K,2026-01-14,,725
INTEL Core i5-10600KF,2026-01-14,,519
INTEL Core i5-11400,2026-01-14,,702
INTEL Core i5-11400F,2026-01-14,,510
INTEL Core i5-11600K,2026-01-14,,750
INTEL Core i5-11600KF,2026-01-14,,619
INTEL Core i5-12400,2026-01-14,,1020
INTEL Core i5-12400F,2026-01-14,,720
INTEL Core i5-12490F,2026-01-14,,740
INTEL Core i5-12500,2026-01-14,,1060
INTEL Core i5-12600K,2026-01-14,,1120
INTEL Core i5-12600KF,2026-01-14,,1000
INTEL Core i5-13400,2026-01-14,,1100
INTEL Core i5-13400F,2026-01-14,,850
INTEL Core i5-13490F,2026-01-14,,850
INTEL Core i5-13500,2026-01-14,,1280
INTEL Core i5-13600K,2026-01-14,,1198
INTEL Core i5-13600KF,2026-01-14,,1100
INTEL Core i5-14400,2026-01-14,,1365
INTEL Core i5-14400F,2026-01-14,,937
INTEL Core i5-14490F,2026-01-14,,975
INTEL Core i5-14500,2026-01-14,,1100
INTEL Core i5-14600K,2026-01-14,,1400
INTEL Core i5-14600KF,2026-01-14,,1410
INTEL Core i7-10700,2026-01-14,,1150
INTEL Core i7-10700F,2026-01-14,,911
INTEL Core i7-10700K,2026-01-14,,1650
INTEL Core i7-10700KF,2026-01-14,,900
INTEL Core i7-11700,2026-01-14,,1180
INTEL Core i7-11700F,2026-01-14,,939
INTEL Core i7-11700K,2026-01-14,,1109
INTEL Core i7-11700KF,2026-01-14,,950
INTEL Core i7-12700,2026-01-14,,1684
INTEL Core i7-12700F,2026-01-14,,1417
INTEL Core i7-12700K,2026-01-14,,1515
INTEL Core i7-12700KF,2026-01-14,,1430
INTEL Core i7-13700,2026-01-14,,2050
INTEL Core i7-13700F,2026-01-14,,1445
INTEL Core i7-13700K,2026-01-14,,1960
INTEL Core i7-13700KF,2026-01-14,,1560
INTEL Core i7-14700,2026-01-14,,1850
INTEL Core i7-14700F,2026-01-14,,1780
INTEL Core i7-14700K,2026-01-14,,2300
INTEL Core i7-14700KF,2026-01-14,,1880
INTEL Core i9-10850K,2026-01-14,,1480
INTEL Core i9-10900,2026-01-14,,2324
INTEL Core i9-10900F,2026-01-14,,1300
INTEL Core i9-10900K,2026-01-14,,2017
INTEL Core i9-10900KF,2026-01-14,,1858
INTEL Core i9-11900,2026-01-14,,1950
INTEL Core i9-11900F,2026-01-14,,1350
INTEL Core i9-11900K,2026-01-14,,1919
INTEL Core i9-11900KF,2026-01-14,,1500
INTEL Core i9-12900K,2026-01-14,,1888
INTEL Core i9-12900KF,2026-01-14,,1695
INTEL Core i9-12900KS,2026-01-14,,1800
INTEL Core i9-13900K,2026-01-14,,1925
INTEL Core i9-13900KF,2026-01-14,,1800
INTEL Core i9-13900KS,2026-01-14,,2055
INTEL Core i9-14900,2026-01-14,,2300
INTEL Core i9-14900K,2026-01-14,,2930
INTEL Core i9-14900KF,2026-01-14,,2400
INTEL Core i9-14900KS,2026-01-14,,2944
AMD Ryzen 5 5500,2026-01-19,499,
AMD Ryzen 5 5500GT,2026-01-19,799,
AMD Ryzen 5 5600,2026-01-19,695,
AMD Ryzen 5 5600GT,2026-01-19,849,
AMD Ryzen 5 5600X,2026-01-19,779,
AMD Ryzen 5 7400F,2026-01-19,769,
AMD Ryzen 5 7500F,2026-01-19,799,
AMD Ryzen 5 7600X,2026-01-19,1089,
AMD Ryzen 5 8400F,2026-01-19,769,
AMD Ryzen 5 8600G,2026-01-19,1209,
AMD Ryzen 5 9500F,2026-01-19,1100,
AMD Ryzen 5 9600X,2026-01-19,1199,
AMD Ryzen 7 5700G,2026-01-19,1089,
AMD Ryzen 7 5700X,2026-01-19,915,
AMD Ryzen 7 5700X3D,2026-01-19,2099,
AMD Ryzen 7 7700,2026-01-19,1339,
AMD Ryzen 7 7800X3D,2026-01-19,1949,
AMD Ryzen 7 8700F,2026-01-19,959,
AMD Ryzen 7 8700G,2026-01-19,1749,
AMD Ryzen 7 9700X,2026-01-19,1609,
AMD Ryzen 7 9800X3D,2026-01-19,2829,
AMD Ryzen 7 9850X3D,2026-01-19,3699,
AMD Ryzen 9 9900X,2026-01-19,2459,
AMD Ryzen 9 9900X3D,2026-01-19,3199,
AMD Ryzen 9 9950X,2026-01-19,2979,
AMD Ryzen 9 9950X3D,2026-01-19,4349,
INTEL Core Ultra 5 225,2026-01-19,995,
INTEL Core Ultra 5 225F,2026-01-19,795,
INTEL Core Ultra 5 230F,2026-01-19,829,
INTEL Core Ultra 5 235,2026-01-19,1200,
INTEL Core Ultra 5 245K,2026-01-19,1329,
INTEL Core Ultra 5 245KF,2026-01-19,1169,
INTEL Core Ultra 5 250K Plus,2026-01-19,1329,
INTEL Core Ultra 5 250KF Plus,2026-01-19,1329,
INTEL Core Ultra 7 265K,2026-01-19,1830,
INTEL Core Ultra 7 265KF,2026-01-19,1590,
INTEL Core Ultra 7 270K Plus,2026-01-19,4190,
INTEL Core Ultra 9 285K,2026-01-19,4190,
INTEL Core i3-12100,2026-01-19,779,
INTEL Core i3-12100F,2026-01-19,499,
INTEL Core i3-13100,2026-01-19,765,
INTEL Core i3-13100F,2026-01-19,480,
INTEL Core i3-14100,2026-01-19,850,
INTEL Core i3-14100F,2026-01-19,555,
INTEL Core i5-12400,2026-01-19,1139,
INTEL Core i5-12400F,2026-01-19,785,
INTEL Core i5-12490F,2026-01-19,815,
INTEL Core i5-12500,2026-01-19,1235,
INTEL Core i5-12600K,2026-01-19,1240,
INTEL Core i5-12600KF,2026-01-19,990,
INTEL Core i5-13400,2026-01-19,1280,
INTEL Core i5-13400F,2026-01-19,870,
INTEL Core i5-13490F,2026-01-19,880,
INTEL Core i5-13500,2026-01-19,1270,
INTEL Core i5-13600K,2026-01-19,1330,
INTEL Core i5-13600KF,2026-01-19,1110,
INTEL Core i5-14400,2026-01-19,1420,
INTEL Core i5-14400F,2026-01-19,979,
INTEL Core i5-14490F,2026-01-19,1000,
INTEL Core i5-14500,2026-01-19,1410,
INTEL Core i5-14600K,2026-01-19,1488,
INTEL Core i5-14600KF,2026-01-19,1470,
INTEL Core i7-12700K,2026-01-19,1870,
INTEL Core i7-12700KF,2026-01-19,1460,
INTEL Core i7-14700,2026-01-19,2550,
INTEL Core i7-14700F,2026-01-19,1899,
INTEL Core i7-14700K,2026-01-19,2640,
INTEL Core i7-14700KF,2026-01-19,2059,
INTEL Core i9-14900K,2026-01-19,3320,
INTEL Core i9-14900KF,2026-01-19,2839,
AMD Ryzen 5 5500,2026-01-26,499,
AMD Ryzen 5 5500GT,2026-01-26,799,
AMD Ryzen 5 5600,2026-01-26,689,
AMD Ryzen 5 5600GT,2026-01-26,849,
AMD Ryzen 5 5600X,2026-01-26,795,
AMD Ryzen 5 7400F,2026-01-26,750,
AMD Ryzen 5 7500F,2026-01-26,799,
AMD Ryzen 5 7600X,2026-01-26,1089,
AMD Ryzen 5 8400F,2026-01-26,769,
AMD Ryzen 5 8600G,2026-01-26,1209,
AMD Ryzen 5 9500F,2026-01-26,1100,
AMD Ryzen 5 9600X,2026-01-26,1189,
AMD Ryzen 7 5700G,2026-01-26,1089,
AMD Ryzen 7 5700X,2026-01-26,915,
AMD Ryzen 7 5700X3D,2026-01-26,2099,
AMD Ryzen 7 7700,2026-01-26,1299,
AMD Ryzen 7 7800X3D,2026-01-26,1949,
AMD Ryzen 7 8700F,2026-01-26,959,
AMD Ryzen 7 8700G,2026-01-26,1749,
AMD Ryzen 7 9700X,2026-01-26,1599,
AMD Ryzen 7 9800X3D,2026-01-26,2779,
AMD Ryzen 7 9850X3D,2026-01-26,3289,
AMD Ryzen 9 9900X,2026-01-26,2459,
AMD Ryzen 9 9900X3D,2026-01-26,3199,
AMD Ryzen 9 9950X,2026-01-26,2979,
AMD Ryzen 9 9950X3D,2026-01-26,4349,
INTEL Core Ultra 5 225,2026-01-26,995,
INTEL Core Ultra 5 225F,2026-01-26,795,
INTEL Core Ultra 5 230F,2026-01-26,789,
INTEL Core Ultra 5 235,2026-01-26,1200,
INTEL Core Ultra 5 245K,2026-01-26,1319,
INTEL Core Ultra 5 245KF,2026-01-26,1139,
INTEL Core Ultra 5 250K Plus,2026-01-26,1319,
INTEL Core Ultra 5 250KF Plus,2026-01-26,1319,
INTEL Core Ultra 7 265K,2026-01-26,1830,
INTEL Core Ultra 7 265KF,2026-01-26,1590,
INTEL Core Ultra 7 270K Plus,2026-01-26,4299,
INTEL Core Ultra 9 285K,2026-01-26,4299,
INTEL Core i3-12100,2026-01-26,769,
INTEL Core i3-12100F,2026-01-26,499,
INTEL Core i3-13100,2026-01-26,765,
INTEL Core i3-13100F,2026-01-26,480,
INTEL Core i3-14100,2026-01-26,850,
INTEL Core i3-14100F,2026-01-26,555,
INTEL Core i5-12400,2026-01-26,1119,
INTEL Core i5-12400F,2026-01-26,779,
INTEL Core i5-12490F,2026-01-26,815,
INTEL Core i5-12500,2026-01-26,1235,
INTEL Core i5-12600K,2026-01-26,1240,
INTEL Core i5-12600KF,2026-01-26,990,
INTEL Core i5-13400,2026-01-26,1280,
INTEL Core i5-13400F,2026-01-26,870,
INTEL Core i5-13490F,2026-01-26,880,
INTEL Core i5-13500,2026-01-26,1270,
INTEL Core i5-13600K,2026-01-26,1239,
INTEL Core i5-13600KF,2026-01-26,1110,
INTEL Core i5-14400,2026-01-26,1420,
INTEL Core i5-14400F,2026-01-26,979,
INTEL Core i5-14490F,2026-01-26,1000,
INTEL Core i5-14500,2026-01-26,1410,
INTEL Core i5-14600K,2026-01-26,1488,
INTEL Core i5-14600KF,2026-01-26,1470,
INTEL Core i7-12700K,2026-01-26,1699,
INTEL Core i7-12700KF,2026-01-26,1460,
INTEL Core i7-14700,2026-01-26,2550,
INTEL Core i7-14700F,2026-01-26,1909,
INTEL Core i7-14700K,2026-01-26,2640,
INTEL Core i7-14700KF,2026-01-26,2049,
INTEL Core i9-14900K,2026-01-26,3299,
INTEL Core i9-14900KF,2026-01-26,2799,
AMD Ryzen 5 5500,2026-02-02,496,
AMD Ryzen 5 5500GT,2026-02-02,796,
AMD Ryzen 5 5600,2026-02-02,686,
AMD Ryzen 5 5600GT,2026-02-02,846,
AMD Ryzen 5 5600X,2026-02-02,796,
AMD Ryzen 5 7400F,2026-02-02,766,
AMD Ryzen 5 7500F,2026-02-02,796,
AMD Ryzen 5 7600X,2026-02-02,1086,
AMD Ryzen 5 8400F,2026-02-02,766,
AMD Ryzen 5 8600G,2026-02-02,1206,
AMD Ryzen 5 9500F,2026-02-02,1096,
AMD Ryzen 5 9600X,2026-02-02,1186,
AMD Ryzen 7 5700G,2026-02-02,1086,
AMD Ryzen 7 5700X,2026-02-02,912,
AMD Ryzen 7 5700X3D,2026-02-02,2096,
AMD Ryzen 7 7700,2026-02-02,1292,
AMD Ryzen 7 7800X3D,2026-02-02,1946,
AMD Ryzen 7 8700F,2026-02-02,956,
AMD Ryzen 7 8700G,2026-02-02,1766,
AMD Ryzen 7 9700X,2026-02-02,1596,
AMD Ryzen 7 9800X3D,2026-02-02,2776,
AMD Ryzen 7 9850X3D,2026-02-02,3286,
AMD Ryzen 9 9900X,2026-02-02,2456,
AMD Ryzen 9 9900X3D,2026-02-02,3196,
AMD Ryzen 9 9950X,2026-02-02,2976,
AMD Ryzen 9 9950X3D,2026-02-02,4346,
INTEL Core Ultra 5 225,2026-02-02,976,
INTEL Core Ultra 5 225F,2026-02-02,786,
INTEL Core Ultra 5 230F,2026-02-02,786,
INTEL Core Ultra 5 235,2026-02-02,1197,
INTEL Core Ultra 5 245K,2026-02-02,1296,
INTEL Core Ultra 5 245KF,2026-02-02,1156,
INTEL Core Ultra 5 250K Plus,2026-02-02,1296,
INTEL Core Ultra 5 250KF Plus,2026-02-02,1296,
INTEL Core Ultra 7 265K,2026-02-02,1827,
INTEL Core Ultra 7 265KF,2026-02-02,1587,
INTEL Core Ultra 7 270K Plus,2026-02-02,4256,
INTEL Core Ultra 9 285K,2026-02-02,4256,
INTEL Core i3-12100,2026-02-02,766,
INTEL Core i3-12100F,2026-02-02,496,
INTEL Core i3-13100,2026-02-02,847,
INTEL Core i3-13100F,2026-02-02,477,
INTEL Core i3-14100,2026-02-02,832,
INTEL Core i3-14100F,2026-02-02,546,
INTEL Core i5-12400,2026-02-02,1096,
INTEL Core i5-12400F,2026-02-02,776,
INTEL Core i5-12490F,2026-02-02,812,
INTEL Core i5-12500,2026-02-02,1247,
INTEL Core i5-12600K,2026-02-02,1217,
INTEL Core i5-12600KF,2026-02-02,1057,
INTEL Core i5-13400,2026-02-02,1277,
INTEL Core i5-13400F,2026-02-02,886,
INTEL Core i5-13490F,2026-02-02,877,
INTEL Core i5-13500,2026-02-02,1267,
INTEL Core i5-13600K,2026-02-02,1236,
INTEL Core i5-13600KF,2026-02-02,1107,
INTEL Core i5-14400,2026-02-02,1417,
INTEL Core i5-14400F,2026-02-02,966,
INTEL Core i5-14490F,2026-02-02,997,
INTEL Core i5-14500,2026-02-02,1397,
INTEL Core i5-14600K,2026-02-02,1466,
INTEL Core i5-14600KF,2026-02-02,1456,
INTEL Core i7-12700K,2026-02-02,1696,
INTEL Core i7-12700KF,2026-02-02,1527,
INTEL Core i7-14700,2026-02-02,2597,
INTEL Core i7-14700F,2026-02-02,1906,
INTEL Core i7-14700K,2026-02-02,2697,
INTEL Core i7-14700KF,2026-02-02,2036,
INTEL Core i9-14900K,2026-02-02,3296,
INTEL Core i9-14900KF,2026-02-02,2766,
AMD Ryzen 5 5500,2026-02-10,486,
AMD Ryzen 5 5500GT,2026-02-10,782,
AMD Ryzen 5 5600,2026-02-10,686,
AMD Ryzen 5 5600GT,2026-02-10,846,
AMD Ryzen 5 5600X,2026-02-10,791,
AMD Ryzen 5 7400F,2026-02-10,766,
AMD Ryzen 5 7500F,2026-02-10,796,
AMD Ryzen 5 7600X,2026-02-10,1086,
AMD Ryzen 5 8400F,2026-02-10,756,
AMD Ryzen 5 8600G,2026-02-10,1216,
AMD Ryzen 5 9500F,2026-02-10,1156,
AMD Ryzen 5 9600X,2026-02-10,1176,
AMD Ryzen 7 5700G,2026-02-10,1092,
AMD Ryzen 7 5700X,2026-02-10,906,
AMD Ryzen 7 5700X3D,2026-02-10,2096,
AMD Ryzen 7 7700,2026-02-10,1296,
AMD Ryzen 7 7800X3D,2026-02-10,1946,
AMD Ryzen 7 8700F,2026-02-10,956,
AMD Ryzen 7 8700G,2026-02-10,1786,
AMD Ryzen 7 9700X,2026-02-10,1596,
AMD Ryzen 7 9800X3D,2026-02-10,2776,
AMD Ryzen 7 9850X3D,2026-02-10,3286,
AMD Ryzen 9 9900X,2026-02-10,2446,
AMD Ryzen 9 9900X3D,2026-02-10,3219,
AMD Ryzen 9 9950X,2026-02-10,2976,
AMD Ryzen 9 9950X3D,2026-02-10,4346,
INTEL Core Ultra 5 225,2026-02-10,976,
INTEL Core Ultra 5 225F,2026-02-10,786,
INTEL Core Ultra 5 230F,2026-02-10,788,
INTEL Core Ultra 5 235,2026-02-10,1197,
INTEL Core Ultra 5 245K,2026-02-10,1296,
INTEL Core Ultra 5 245KF,2026-02-10,1156,
INTEL Core Ultra 5 250K Plus,2026-02-10,1296,
INTEL Core Ultra 5 250KF Plus,2026-02-10,1296,
INTEL Core Ultra 7 265K,2026-02-10,1796,
INTEL Core Ultra 7 265KF,2026-02-10,1587,
INTEL Core Ultra 7 270K Plus,2026-02-10,4256,
INTEL Core Ultra 9 285K,2026-02-10,4256,
INTEL Core i3-12100,2026-02-10,722,
INTEL Core i3-12100F,2026-02-10,477,
INTEL Core i3-13100,2026-02-10,847,
INTEL Core i3-13100F,2026-02-10,507,
INTEL Core i3-14100,2026-02-10,832,
INTEL Core i3-14100F,2026-02-10,557,
INTEL Core i5-12400,2026-02-10,1057,
INTEL Core i5-12400F,2026-02-10,757,
INTEL Core i5-12490F,2026-02-10,846,
INTEL Core i5-12500,2026-02-10,1122,
INTEL Core i5-12600K,2026-02-10,1217,
INTEL Core i5-12600KF,2026-02-10,1057,
INTEL Core i5-13400,2026-02-10,1257,
INTEL Core i5-13400F,2026-02-10,862,
INTEL Core i5-13490F,2026-02-10,877,
INTEL Core i5-13500,2026-02-10,1287,
INTEL Core i5-13600K,2026-02-10,1236,
INTEL Core i5-13600KF,2026-02-10,1176,
INTEL Core i5-14400,2026-02-10,1297,
INTEL Core i5-14400F,2026-02-10,966,
INTEL Core i5-14490F,2026-02-10,997,
INTEL Core i5-14500,2026-02-10,1397,
INTEL Core i5-14600K,2026-02-10,1477,
INTEL Core i5-14600KF,2026-02-10,1417,
INTEL Core i7-12700K,2026-02-10,1696,
INTEL Core i7-12700KF,2026-02-10,1606,
INTEL Core i7-14700,2026-02-10,2597,
INTEL Core i7-14700F,2026-02-10,1906,
INTEL Core i7-14700K,2026-02-10,2697,
INTEL Core i7-14700KF,2026-02-10,2036,
INTEL Core i9-14900K,2026-02-10,3296,
INTEL Core i9-14900KF,2026-02-10,2786,
AMD Ryzen 5 5500,2026-02-17,486,
AMD Ryzen 5 5500GT,2026-02-17,782,
AMD Ryzen 5 5600,2026-02-17,686,
AMD Ryzen 5 5600GT,2026-02-17,846,
AMD Ryzen 5 5600X,2026-02-17,796,
AMD Ryzen 5 7400F,2026-02-17,766,
AMD Ryzen 5 7500F,2026-02-17,796,
AMD Ryzen 5 7600X,2026-02-17,1086,
AMD Ryzen 5 8400F,2026-02-17,756,
AMD Ryzen 5 8600G,2026-02-17,1216,
AMD Ryzen 5 9500F,2026-02-17,1049,
AMD Ryzen 5 9600X,2026-02-17,1196,
AMD Ryzen 7 5700G,2026-02-17,1096,
AMD Ryzen 7 5700X,2026-02-17,912,
AMD Ryzen 7 5700X3D,2026-02-17,2096,
AMD Ryzen 7 7700,2026-02-17,1296,
AMD Ryzen 7 7800X3D,2026-02-17,1946,
AMD Ryzen 7 8700F,2026-02-17,956,
AMD Ryzen 7 8700G,2026-02-17,1816,
AMD Ryzen 7 9700X,2026-02-17,1596,
AMD Ryzen 7 9800X3D,2026-02-17,2776,
AMD Ryzen 7 9850X3D,2026-02-17,3286,
AMD Ryzen 9 9900X,2026-02-17,2446,
AMD Ryzen 9 9900X3D,2026-02-17,3196,
AMD Ryzen 9 9950X,2026-02-17,2976,
AMD Ryzen 9 9950X3D,2026-02-17,4366,
INTEL Core Ultra 5 225,2026-02-17,1007,
INTEL Core Ultra 5 225F,2026-02-17,787,
INTEL Core Ultra 5 230F,2026-02-17,847,
INTEL Core Ultra 5 235,2026-02-17,1197,
INTEL Core Ultra 5 245K,2026-02-17,1357,
INTEL Core Ultra 5 245KF,2026-02-17,1197,
INTEL Core Ultra 5 250K Plus,2026-02-17,1357,
INTEL Core Ultra 5 250KF Plus,2026-02-17,1357,
INTEL Core Ultra 7 265K,2026-02-17,1797,
INTEL Core Ultra 7 265KF,2026-02-17,1547,
INTEL Core Ultra 7 270K Plus,2026-02-17,4247,
INTEL Core Ultra 9 285K,2026-02-17,4247,
INTEL Core i3-12100,2026-02-17,722,
INTEL Core i3-12100F,2026-02-17,477,
INTEL Core i3-13100,2026-02-17,847,
INTEL Core i3-13100F,2026-02-17,507,
INTEL Core i3-14100,2026-02-17,832,
INTEL Core i3-14100F,2026-02-17,557,
INTEL Core i5-12400,2026-02-17,1057,
INTEL Core i5-12400F,2026-02-17,757,
INTEL Core i5-12490F,2026-02-17,862,
INTEL Core i5-12500,2026-02-17,1122,
INTEL Core i5-12600K,2026-02-17,1217,
INTEL Core i5-12600KF,2026-02-17,1057,
INTEL Core i5-13400,2026-02-17,1257,
INTEL Core i5-13400F,2026-02-17,862,
INTEL Core i5-13490F,2026-02-17,877,
INTEL Core i5-13500,2026-02-17,1287,
INTEL Core i5-13600K,2026-02-17,1197,
INTEL Core i5-13600KF,2026-02-17,1142,
INTEL Core i5-14400,2026-02-17,1377,
INTEL Core i5-14400F,2026-02-17,947,
INTEL Core i5-14490F,2026-02-17,997,
INTEL Core i5-14500,2026-02-17,1397,
INTEL Core i5-14600K,2026-02-17,1477,
INTEL Core i5-14600KF,2026-02-17,1417,
INTEL Core i7-12700K,2026-02-17,1647,
INTEL Core i7-12700KF,2026-02-17,1527,
INTEL Core i7-14700,2026-02-17,2597,
INTEL Core i7-14700F,2026-02-17,1832,
INTEL Core i7-14700K,2026-02-17,2697,
INTEL Core i7-14700KF,2026-02-17,2057,
INTEL Core i9-14900K,2026-02-17,3317,
INTEL Core i9-14900KF,2026-02-17,2787,
AMD Ryzen 3 3100,2026-02-18,,179
AMD Ryzen 3 3300X,2026-02-18,,290
AMD Ryzen 5 3500X,2026-02-18,,252
AMD Ryzen 5 3600,2026-02-18,,355
AMD Ryzen 5 3600X,2026-02-18,,398
AMD Ryzen 5 3600XT,2026-02-18,,400
AMD Ryzen 5 5500,2026-02-18,,450
AMD Ryzen 5 5500GT,2026-02-18,,688
AMD Ryzen 5 5600,2026-02-18,,650
AMD Ryzen 5 5600G,2026-02-18,,718
AMD Ryzen 5 5600GT,2026-02-18,,739
AMD Ryzen 5 5600X,2026-02-18,,730
AMD Ryzen 5 7400F,2026-02-18,,599
AMD Ryzen 5 7500F,2026-02-18,,650
AMD Ryzen 5 7600,2026-02-18,,960
AMD Ryzen 5 7600X,2026-02-18,,778
AMD Ryzen 5 7600X3D,2026-02-18,,1680
AMD Ryzen 5 8400F,2026-02-18,,520
AMD Ryzen 5 8600G,2026-02-18,,880
AMD Ryzen 5 9500F,2026-02-18,,895
AMD Ryzen 5 9600X,2026-02-18,,1020
AMD Ryzen 7 3700X,2026-02-18,,488
AMD Ryzen 7 3800X,2026-02-18,,539
AMD Ryzen 7 5700G,2026-02-18,,845
AMD Ryzen 7 5700X,2026-02-18,,858
AMD Ryzen 7 5700X3D,2026-02-18,,1688
AMD Ryzen 7 5800,2026-02-18,,810
AMD Ryzen 7 5800X,2026-02-18,,959
AMD Ryzen 7 5800X3D,2026-02-18,,2365
AMD Ryzen 7 7700,2026-02-18,,900
AMD Ryzen 7 7700X,2026-02-18,,1075
AMD Ryzen 7 7800X3D,2026-02-18,,1799
AMD Ryzen 7 8700F,2026-02-18,,820
AMD Ryzen 7 8700G,2026-02-18,,1300
AMD Ryzen 7 9700X,2026-02-18,,1469
AMD Ryzen 7 9800X3D,2026-02-18,,2650
AMD Ryzen 9 3900X,2026-02-18,,810
AMD Ryzen 9 3950X,2026-02-18,,1258
AMD Ryzen 9 5900X,2026-02-18,,1300
AMD Ryzen 9 5950X,2026-02-18,,1715
AMD Ryzen 9 7900X,2026-02-18,,1400
AMD Ryzen 9 7900X3D,2026-02-18,,1750
AMD Ryzen 9 7950X,2026-02-18,,2000
AMD Ryzen 9 7950X3D,2026-02-18,,2500
AMD Ryzen 9 9900X,2026-02-18,,1998
AMD Ryzen 9 9900X3D,2026-02-18,,2980
AMD Ryzen 9 9950X,2026-02-18,,2780
AMD Ryzen 9 9950X3D,2026-02-18,,3900
INTEL Core Ultra 5 225,2026-02-18,,880
INTEL Core Ultra 5 225F,2026-02-18,,705
INTEL Core Ultra 5 230F,2026-02-18,,778
INTEL Core Ultra 5 235,2026-02-18,,1000
INTEL Core Ultra 5 245K,2026-02-18,,1180
INTEL Core Ultra 5 245KF,2026-02-18,,1050
INTEL Core Ultra 7 265K,2026-02-18,,1600
INTEL Core Ultra 7 265KF,2026-02-18,,1500
INTEL Core Ultra 9 285K,2026-02-18,,3600
INTEL Core i3-10100,2026-02-18,,420
INTEL Core i3-10100F,2026-02-18,,398
INTEL Core i3-10105,2026-02-18,,440
INTEL Core i3-10105F,2026-02-18,,307
INTEL Core i3-12100,2026-02-18,,664
INTEL Core i3-12100F,2026-02-18,,420
INTEL Core i3-13100,2026-02-18,,750
INTEL Core i3-13100F,2026-02-18,,459
INTEL Core i3-14100,2026-02-18,,765
INTEL Core i3-14100F,2026-02-18,,517
INTEL Core i5-10400,2026-02-18,,620
INTEL Core i5-10400F,2026-02-18,,470
INTEL Core i5-10600K,2026-02-18,,668
INTEL Core i5-10600KF,2026-02-18,,600
INTEL Core i5-11400,2026-02-18,,650
INTEL Core i5-11400F,2026-02-18,,521
INTEL Core i5-11600K,2026-02-18,,760
INTEL Core i5-11600KF,2026-02-18,,680
INTEL Core i5-12400,2026-02-18,,930
INTEL Core i5-12400F,2026-02-18,,708
INTEL Core i5-12490F,2026-02-18,,719
INTEL Core i5-12500,2026-02-18,,1010
INTEL Core i5-12600K,2026-02-18,,1082
INTEL Core i5-12600KF,2026-02-18,,968
INTEL Core i5-13400,2026-02-18,,1125
INTEL Core i5-13400F,2026-02-18,,817
INTEL Core i5-13490F,2026-02-18,,849
INTEL Core i5-13500,2026-02-18,,1200
INTEL Core i5-13600K,2026-02-18,,1147
INTEL Core i5-13600KF,2026-02-18,,1114
INTEL Core i5-14400,2026-02-18,,1200
INTEL Core i5-14400F,2026-02-18,,905
INTEL Core i5-14490F,2026-02-18,,960
INTEL Core i5-14500,2026-02-18,,1100
INTEL Core i5-14600K,2026-02-18,,1350
INTEL Core i5-14600KF,2026-02-18,,1362
INTEL Core i7-10700,2026-02-18,,1178
INTEL Core i7-10700F,2026-02-18,,950
INTEL Core i7-10700K,2026-02-18,,1500
INTEL Core i7-10700KF,2026-02-18,,950
INTEL Core i7-11700,2026-02-18,,1100
INTEL Core i7-11700F,2026-02-18,,1000
INTEL Core i7-11700K,2026-02-18,,1328
INTEL Core i7-11700KF,2026-02-18,,980
INTEL Core i7-12700,2026-02-18,,1530
INTEL Core i7-12700F,2026-02-18,,1375
INTEL Core i7-12700K,2026-02-18,,1490
INTEL Core i7-12700KF,2026-02-18,,1368
INTEL Core i7-13700,2026-02-18,,1920
INTEL Core i7-13700F,2026-02-18,,1400
INTEL Core i7-13700K,2026-02-18,,1912
INTEL Core i7-13700KF,2026-02-18,,1493
INTEL Core i7-14700,2026-02-18,,1850
INTEL Core i7-14700F,2026-02-18,,1660
INTEL Core i7-14700K,2026-02-18,,2019
INTEL Core i7-14700KF,2026-02-18,,1790
INTEL Core i9-10850K,2026-02-18,,1550
INTEL Core i9-10900,2026-02-18,,2335
INTEL Core i9-10900F,2026-02-18,,1300
INTEL Core i9-10900K,2026-02-18,,2400
INTEL Core i9-10900KF,2026-02-18,,1400
INTEL Core i9-11900,2026-02-18,,1950
INTEL Core i9-11900F,2026-02-18,,1250
INTEL Core i9-11900K,2026-02-18,,1950
INTEL Core i9-11900KF,2026-02-18,,1550
INTEL Core i9-12900K,2026-02-18,,1760
INTEL Core i9-12900KF,2026-02-18,,1694
INTEL Core i9-12900KS,2026-02-18,,1800
INTEL Core i9-13900K,2026-02-18,,1850
INTEL Core i9-13900KF,2026-02-18,,1850
INTEL Core i9-13900KS,2026-02-18,,2025
INTEL Core i9-14900,2026-02-18,,2454
INTEL Core i9-14900K,2026-02-18,,2725
INTEL Core i9-14900KF,2026-02-18,,2300
INTEL Core i9-14900KS,2026-02-18,,2750
AMD Ryzen 5 5500,2026-02-24,495,
AMD Ryzen 5 5500GT,2026-02-24,796,
AMD Ryzen 5 5500X3D,2026-02-24,1156,
AMD Ryzen 5 5600,2026-02-24,686,
AMD Ryzen 5 5600GT,2026-02-24,836,
AMD Ryzen 5 5600X,2026-02-24,796,
AMD Ryzen 5 7400F,2026-02-24,766,
AMD Ryzen 5 7500F,2026-02-24,786,
AMD Ryzen 5 7600X,2026-02-24,1086,
AMD Ryzen 5 8400F,2026-02-24,766,
AMD Ryzen 5 8600G,2026-02-24,1206,
AMD Ryzen 5 9500F,2026-02-24,996,
AMD Ryzen 5 9600X,2026-02-24,1186,
AMD Ryzen 7 5700G,2026-02-24,1086,
AMD Ryzen 7 5700X,2026-02-24,916,
AMD Ryzen 7 5700X3D,2026-02-24,2096,
AMD Ryzen 7 7700,2026-02-24,1292,
AMD Ryzen 7 7800X3D,2026-02-24,1936,
AMD Ryzen 7 8700F,2026-02-24,956,
AMD Ryzen 7 8700G,2026-02-24,1766,
AMD Ryzen 7 9700X,2026-02-24,1586,
AMD Ryzen 7 9800X3D,2026-02-24,2786,
AMD Ryzen 7 9850X3D,2026-02-24,3246,
AMD Ryzen 9 9900X,2026-02-24,2396,
AMD Ryzen 9 9900X3D,2026-02-24,3456,
AMD Ryzen 9 9950X,2026-02-24,2896,
AMD Ryzen 9 9950X3D,2026-02-24,4356,
INTEL Core Ultra 5 225,2026-02-24,1007,
INTEL Core Ultra 5 225F,2026-02-24,787,
INTEL Core Ultra 5 230F,2026-02-24,847,
INTEL Core Ultra 5 235,2026-02-24,1197,
INTEL Core Ultra 5 245K,2026-02-24,1357,
INTEL Core Ultra 5 245KF,2026-02-24,1197,
INTEL Core Ultra 5 250K Plus,2026-02-24,1357,
INTEL Core Ultra 5 250KF Plus,2026-02-24,1357,
INTEL Core Ultra 7 265K,2026-02-24,1827,
INTEL Core Ultra 7 265KF,2026-02-24,1547,
INTEL Core Ultra 7 270K Plus,2026-02-24,4317,
INTEL Core Ultra 9 285K,2026-02-24,4317,
INTEL Core i3-12100,2026-02-24,712,
INTEL Core i3-12100F,2026-02-24,497,
INTEL Core i3-13100,2026-02-24,857,
INTEL Core i3-13100F,2026-02-24,527,
INTEL Core i3-14100,2026-02-24,847,
INTEL Core i3-14100F,2026-02-24,567,
INTEL Core i5-12400,2026-02-24,1067,
INTEL Core i5-12400F,2026-02-24,752,
INTEL Core i5-12490F,2026-02-24,852,
INTEL Core i5-12500,2026-02-24,1152,
INTEL Core i5-12600K,2026-02-24,1227,
INTEL Core i5-12600KF,2026-02-24,1087,
INTEL Core i5-13400,2026-02-24,1257,
INTEL Core i5-13400F,2026-02-24,862,
INTEL Core i5-13490F,2026-02-24,877,
INTEL Core i5-13500,2026-02-24,1287,
INTEL Core i5-13600K,2026-02-24,1237,
INTEL Core i5-13600KF,2026-02-24,1182,
INTEL Core i5-14400,2026-02-24,1327,
INTEL Core i5-14400F,2026-02-24,947,
INTEL Core i5-14490F,2026-02-24,997,
INTEL Core i5-14500,2026-02-24,1447,
INTEL Core i5-14600K,2026-02-24,1477,
INTEL Core i5-14600KF,2026-02-24,1417,
INTEL Core i7-12700K,2026-02-24,1717,
INTEL Core i7-12700KF,2026-02-24,1607,
INTEL Core i7-14700,2026-02-24,2597,
INTEL Core i7-14700F,2026-02-24,1852,
INTEL Core i7-14700K,2026-02-24,2697,
INTEL Core i7-14700KF,2026-02-24,2057,
INTEL Core i9-14900K,2026-02-24,3317,
INTEL Core i9-14900KF,2026-02-24,2787,
AMD Ryzen 5 5500,2026-03-02,495,
AMD Ryzen 5 5500GT,2026-03-02,796,
AMD Ryzen 5 5500X3D,2026-03-02,1126,
AMD Ryzen 5 5600,2026-03-02,692,
AMD Ryzen 5 5600GT,2026-03-02,856,
AMD Ryzen 5 5600X,2026-03-02,836,
AMD Ryzen 5 7400F,2026-03-02,766,
AMD Ryzen 5 7500F,2026-03-02,786,
AMD Ryzen 5 7600X,2026-03-02,1086,
AMD Ryzen 5 8400F,2026-03-02,766,
AMD Ryzen 5 8600G,2026-03-02,1206,
AMD Ryzen 5 9500F,2026-03-02,1072,
AMD Ryzen 5 9600X,2026-03-02,1186,
AMD Ryzen 7 5700G,2026-03-02,1086,
AMD Ryzen 7 5700X,2026-03-02,936,
AMD Ryzen 7 5700X3D,2026-03-02,2096,
AMD Ryzen 7 7700,2026-03-02,1292,
AMD Ryzen 7 7800X3D,2026-03-02,1946,
AMD Ryzen 7 8700F,2026-03-02,956,
AMD Ryzen 7 8700G,2026-03-02,1766,
AMD Ryzen 7 9700X,2026-03-02,1586,
AMD Ryzen 7 9800X3D,2026-03-02,2776,
AMD Ryzen 7 9850X3D,2026-03-02,3246,
AMD Ryzen 9 9900X,2026-03-02,2396,
AMD Ryzen 9 9900X3D,2026-03-02,3456,
AMD Ryzen 9 9950X,2026-03-02,2896,
AMD Ryzen 9 9950X3D,2026-03-02,4356,
INTEL Core Ultra 5 225,2026-03-02,992,
INTEL Core Ultra 5 225F,2026-03-02,792,
INTEL Core Ultra 5 230F,2026-03-02,867,
INTEL Core Ultra 5 235,2026-03-02,1197,
INTEL Core Ultra 5 245K,2026-03-02,1367,
INTEL Core Ultra 5 245KF,2026-03-02,1197,
INTEL Core Ultra 5 250K Plus,2026-03-02,1367,
INTEL Core Ultra 5 250KF Plus,2026-03-02,1367,
INTEL Core Ultra 7 265K,2026-03-02,1827,
INTEL Core Ultra 7 265KF,2026-03-02,1587,
INTEL Core Ultra 7 270K Plus,2026-03-02,4317,
INTEL Core Ultra 9 285K,2026-03-02,4317,
INTEL Core i3-12100,2026-03-02,802,
INTEL Core i3-12100F,2026-03-02,617,
INTEL Core i3-13100,2026-03-02,857,
INTEL Core i3-13100F,2026-03-02,647,
INTEL Core i3-14100,2026-03-02,867,
INTEL Core i3-14100F,2026-03-02,667,
INTEL Core i5-12400,2026-03-02,1137,
INTEL Core i5-12400F,2026-03-02,802,
INTEL Core i5-12490F,2026-03-02,882,
INTEL Core i5-12500,2026-03-02,1162,
INTEL Core i5-12600K,2026-03-02,1267,
INTEL Core i5-12600KF,2026-03-02,1107,
INTEL Core i5-13400,2026-03-02,1387,
INTEL Core i5-13400F,2026-03-02,902,
INTEL Core i5-13490F,2026-03-02,907,
INTEL Core i5-13500,2026-03-02,1317,
INTEL Core i5-13600K,2026-03-02,1347,
INTEL Core i5-13600KF,2026-03-02,1297,
INTEL Core i5-14400,2026-03-02,1327,
INTEL Core i5-14400F,2026-03-02,987,
INTEL Core i5-14490F,2026-03-02,1077,
INTEL Core i5-14500,2026-03-02,1447,
INTEL Core i5-14600K,2026-03-02,1547,
INTEL Core i5-14600KF,2026-03-02,1477,
INTEL Core i7-12700K,2026-03-02,1937,
INTEL Core i7-12700KF,2026-03-02,1797,
INTEL Core i7-14700,2026-03-02,2597,
INTEL Core i7-14700F,2026-03-02,1992,
INTEL Core i7-14700K,2026-03-02,2697,
INTEL Core i7-14700KF,2026-03-02,2057,
INTEL Core i9-14900K,2026-03-02,3357,
INTEL Core i9-14900KF,2026-03-02,2787,
AMD Ryzen 5 5500,2026-03-09,495,
AMD Ryzen 5 5500GT,2026-03-09,796,
AMD Ryzen 5 5500X3D,2026-03-09,1125,
AMD Ryzen 5 5600,2026-03-09,695,
AMD Ryzen 5 5600GT,2026-03-09,856,
AMD Ryzen 5 5600X,2026-03-09,836,
AMD Ryzen 5 7400F,2026-03-09,766,
AMD Ryzen 5 7500F,2026-03-09,786,
AMD Ryzen 5 7600X,2026-03-09,1086,
AMD Ryzen 5 8400F,2026-03-09,766,
AMD Ryzen 5 8600G,2026-03-09,1206,
AMD Ryzen 5 9500F,2026-03-09,1076,
AMD Ryzen 5 9600X,2026-03-09,1135,
AMD Ryzen 7 5700G,2026-03-09,1086,
AMD Ryzen 7 5700X,2026-03-09,932,
AMD Ryzen 7 5700X3D,2026-03-09,2246,
AMD Ryzen 7 7700,2026-03-09,1292,
AMD Ryzen 7 7800X3D,2026-03-09,1946,
AMD Ryzen 7 8700F,2026-03-09,956,
AMD Ryzen 7 8700G,2026-03-09,1766,
AMD Ryzen 7 9700X,2026-03-09,1586,
AMD Ryzen 7 9800X3D,2026-03-09,2855,
AMD Ryzen 7 9850X3D,2026-03-09,3246,
AMD Ryzen 9 9900X,2026-03-09,2396,
AMD Ryzen 9 9900X3D,2026-03-09,3196,
AMD Ryzen 9 9950X,2026-03-09,2946,
AMD Ryzen 9 9950X3D,2026-03-09,4356,
INTEL Core Ultra 5 225,2026-03-09,1077,
INTEL Core Ultra 5 225F,2026-03-09,837,
INTEL Core Ultra 5 230F,2026-03-09,917,
INTEL Core Ultra 5 235,2026-03-09,1197,
INTEL Core Ultra 5 245K,2026-03-09,1357,
INTEL Core Ultra 5 245KF,2026-03-09,1197,
INTEL Core Ultra 5 250K Plus,2026-03-09,1357,
INTEL Core Ultra 5 250KF Plus,2026-03-09,1357,
INTEL Core Ultra 7 265K,2026-03-09,1816,
INTEL Core Ultra 7 265KF,2026-03-09,1587,
INTEL Core Ultra 7 270K Plus,2026-03-09,4317,
INTEL Core Ultra 9 285K,2026-03-09,4317,
INTEL Core i3-12100,2026-03-09,942,
INTEL Core i3-12100F,2026-03-09,677,
INTEL Core i3-13100,2026-03-09,947,
INTEL Core i3-13100F,2026-03-09,717,
INTEL Core i3-14100,2026-03-09,987,
INTEL Core i3-14100F,2026-03-09,737,
INTEL Core i5-12400,2026-03-09,1257,
INTEL Core i5-12400F,2026-03-09,892,
INTEL Core i5-12490F,2026-03-09,867,
INTEL Core i5-12500,2026-03-09,1262,
INTEL Core i5-12600K,2026-03-09,1367,
INTEL Core i5-12600KF,2026-03-09,1187,
INTEL Core i5-13400,2026-03-09,1457,
INTEL Core i5-13400F,2026-03-09,972,
INTEL Core i5-13490F,2026-03-09,957,
INTEL Core i5-13500,2026-03-09,1377,
INTEL Core i5-13600K,2026-03-09,1417,
INTEL Core i5-13600KF,2026-03-09,1367,
INTEL Core i5-14400,2026-03-09,1387,
INTEL Core i5-14400F,2026-03-09,1067,
INTEL Core i5-14490F,2026-03-09,1117,
INTEL Core i5-14500,2026-03-09,1497,
INTEL Core i5-14600K,2026-03-09,1546,
INTEL Core i5-14600KF,2026-03-09,1506,
INTEL Core i7-12700K,2026-03-09,2087,
INTEL Core i7-12700KF,2026-03-09,1897,
INTEL Core i7-14700,2026-03-09,2657,
INTEL Core i7-14700F,2026-03-09,2092,
INTEL Core i7-14700K,2026-03-09,2747,
INTEL Core i7-14700KF,2026-03-09,2257,
INTEL Core i7-14790F,2026-03-09,1857,
INTEL Core i9-14900K,2026-03-09,3346,
INTEL Core i9-14900KF,2026-03-09,2887,
AMD Ryzen 5 5500,2026-03-16,506,
AMD Ryzen 5 5500GT,2026-03-16,816,
AMD Ryzen 5 5500X3D,2026-03-16,1105,
AMD Ryzen 5 5600,2026-03-16,726,
AMD Ryzen 5 5600GT,2026-03-16,856,
AMD Ryzen 5 5600X,2026-03-16,836,
AMD Ryzen 5 7400F,2026-03-16,776,
AMD Ryzen 5 7500F,2026-03-16,726,
AMD Ryzen 5 7600X,2026-03-16,1076,
AMD Ryzen 5 8400F,2026-03-16,766,
AMD Ryzen 5 8600G,2026-03-16,1206,
AMD Ryzen 5 9500F,2026-03-16,1086,
AMD Ryzen 5 9600X,2026-03-16,1106,
AMD Ryzen 7 5700G,2026-03-16,1146,
AMD Ryzen 7 5700X,2026-03-16,956,
AMD Ryzen 7 5700X3D,2026-03-16,2096,
AMD Ryzen 7 7700,2026-03-16,1196,
AMD Ryzen 7 7800X3D,2026-03-16,1926,
AMD Ryzen 7 8700F,2026-03-16,956,
AMD Ryzen 7 8700G,2026-03-16,1766,
AMD Ryzen 7 9700X,2026-03-16,1556,
AMD Ryzen 7 9800X3D,2026-03-16,2826,
AMD Ryzen 7 9850X3D,2026-03-16,3186,
AMD Ryzen 9 9900X,2026-03-16,2396,
AMD Ryzen 9 9900X3D,2026-03-16,3196,
AMD Ryzen 9 9950X,2026-03-16,2836,
AMD Ryzen 9 9950X3D,2026-03-16,4186,
INTEL Core Ultra 5 225,2026-03-16,1037,
INTEL Core Ultra 5 225F,2026-03-16,842,
INTEL Core Ultra 5 230F,2026-03-16,832,
INTEL Core Ultra 5 235,2026-03-16,1197,
INTEL Core Ultra 5 245K,2026-03-16,1197,
INTEL Core Ultra 5 245KF,2026-03-16,1197,
INTEL Core Ultra 5 250K Plus,2026-03-16,1197,
INTEL Core Ultra 5 250KF Plus,2026-03-16,1197,
INTEL Core Ultra 7 265K,2026-03-16,1797,
INTEL Core Ultra 7 265KF,2026-03-16,1587,
INTEL Core Ultra 7 270K Plus,2026-03-16,3896,
INTEL Core Ultra 9 285K,2026-03-16,3896,
INTEL Core i3-12100,2026-03-16,922,
INTEL Core i3-12100F,2026-03-16,647,
INTEL Core i3-13100,2026-03-16,947,
INTEL Core i3-13100F,2026-03-16,687,
INTEL Core i3-14100,2026-03-16,957,
INTEL Core i3-14100F,2026-03-16,707,
INTEL Core i5-12400,2026-03-16,1217,
INTEL Core i5-12400F,2026-03-16,882,
INTEL Core i5-12490F,2026-03-16,946,
INTEL Core i5-12500,2026-03-16,1332,
INTEL Core i5-12600K,2026-03-16,1367,
INTEL Core i5-12600KF,2026-03-16,1196,
INTEL Core i5-13400,2026-03-16,1397,
INTEL Core i5-13400F,2026-03-16,992,
INTEL Core i5-13490F,2026-03-16,967,
INTEL Core i5-13500,2026-03-16,1377,
INTEL Core i5-13600K,2026-03-16,1367,
INTEL Core i5-13600KF,2026-03-16,1327,
INTEL Core i5-14400,2026-03-16,1437,
INTEL Core i5-14400F,2026-03-16,1057,
INTEL Core i5-14490F,2026-03-16,1067,
INTEL Core i5-14500,2026-03-16,1477,
INTEL Core i5-14600K,2026-03-16,1556,
INTEL Core i5-14600KF,2026-03-16,1496,
INTEL Core i7-12700K,2026-03-16,2257,
INTEL Core i7-12700KF,2026-03-16,1897,
INTEL Core i7-14700,2026-03-16,2587,
INTEL Core i7-14700F,2026-03-16,2192,
INTEL Core i7-14700K,2026-03-16,2686,
INTEL Core i7-14700KF,2026-03-16,2196,
INTEL Core i7-14790F,2026-03-16,1887,
INTEL Core i9-14900K,2026-03-16,3357,
INTEL Core i9-14900KF,2026-03-16,2887,
AMD Ryzen 5 5500,2026-03-23,516,
AMD Ryzen 5 5500GT,2026-03-23,826,
AMD Ryzen 5 5500X3D,2026-03-23,1106,
AMD Ryzen 5 5600,2026-03-23,732,
AMD Ryzen 5 5600GT,2026-03-23,876,
AMD Ryzen 5 5600X,2026-03-23,836,
AMD Ryzen 5 7400F,2026-03-23,776,
AMD Ryzen 5 7500F,2026-03-23,696,
AMD Ryzen 5 7600X,2026-03-23,1076,
AMD Ryzen 5 8400F,2026-03-23,766,
AMD Ryzen 5 8600G,2026-03-23,1206,
AMD Ryzen 5 9500F,2026-03-23,1056,
AMD Ryzen 5 9600X,2026-03-23,1081,
AMD Ryzen 7 5700G,2026-03-23,1146,
AMD Ryzen 7 5700X,2026-03-23,972,
AMD Ryzen 7 5700X3D,2026-03-23,2086,
AMD Ryzen 7 7700,2026-03-23,1186,
AMD Ryzen 7 7800X3D,2026-03-23,1875,
AMD Ryzen 7 8700F,2026-03-23,956,
AMD Ryzen 7 8700G,2026-03-23,1766,
AMD Ryzen 7 9700X,2026-03-23,1506,
AMD Ryzen 7 9800X3D,2026-03-23,2796,
AMD Ryzen 7 9850X3D,2026-03-23,3186,
AMD Ryzen 9 9900X,2026-03-23,2396,
AMD Ryzen 9 9900X3D,2026-03-23,3456,
AMD Ryzen 9 9950X,2026-03-23,2836,
AMD Ryzen 9 9950X3D,2026-03-23,4186,
INTEL Core Ultra 5 225,2026-03-23,1027,
INTEL Core Ultra 5 225F,2026-03-23,786,
INTEL Core Ultra 5 230F,2026-03-23,796,
INTEL Core Ultra 5 235,2026-03-23,1197,
INTEL Core Ultra 5 245K,2026-03-23,1156,
INTEL Core Ultra 5 245KF,2026-03-23,1146,
INTEL Core Ultra 5 250K Plus,2026-03-23,1576,
INTEL Core Ultra 5 250KF Plus,2026-03-23,1547,
INTEL Core Ultra 7 265K,2026-03-23,1796,
INTEL Core Ultra 7 265KF,2026-03-23,1596,
INTEL Core Ultra 7 270K Plus,2026-03-23,2306,
INTEL Core Ultra 9 285K,2026-03-23,3856,
INTEL Core i3-12100,2026-03-23,912,
INTEL Core i3-12100F,2026-03-23,647,
INTEL Core i3-13100,2026-03-23,907,
INTEL Core i3-13100F,2026-03-23,657,
INTEL Core i3-14100,2026-03-23,895,
INTEL Core i3-14100F,2026-03-23,667,
INTEL Core i5-12400,2026-03-23,1217,
INTEL Core i5-12400F,2026-03-23,882,
INTEL Core i5-12490F,2026-03-23,862,
INTEL Core i5-12500,2026-03-23,1332,
INTEL Core i5-12600K,2026-03-23,1327,
INTEL Core i5-12600KF,2026-03-23,1087,
INTEL Core i5-13400,2026-03-23,1397,
INTEL Core i5-13400F,2026-03-23,973,
INTEL Core i5-13490F,2026-03-23,962,
INTEL Core i5-13500,2026-03-23,1377,
INTEL Core i5-13600K,2026-03-23,1367,
INTEL Core i5-13600KF,2026-03-23,1337,
INTEL Core i5-14400,2026-03-23,1437,
INTEL Core i5-14400F,2026-03-23,1037,
INTEL Core i5-14490F,2026-03-23,1057,
INTEL Core i5-14500,2026-03-23,1517,
INTEL Core i5-14600K,2026-03-23,1447,
INTEL Core i5-14600KF,2026-03-23,1407,
INTEL Core i7-12700K,2026-03-23,2257,
INTEL Core i7-12700KF,2026-03-23,1937,
INTEL Core i7-14700,2026-03-23,2517,
INTEL Core i7-14700F,2026-03-23,2077,
INTEL Core i7-14700K,2026-03-23,2747,
INTEL Core i7-14700KF,2026-03-23,2196,
INTEL Core i7-14790F,2026-03-23,1887,
INTEL Core i9-14900K,2026-03-23,3356,
INTEL Core i9-14900KF,2026-03-23,2887,
AMD Ryzen 3 3100,2026-03-25,,175
AMD Ryzen 3 3300X,2026-03-25,,249
AMD Ryzen 5 3500X,2026-03-25,,255
AMD Ryzen 5 3600,2026-03-25,,360
AMD Ryzen 5 3600X,2026-03-25,,389
AMD Ryzen 5 3600XT,2026-03-25,,415
AMD Ryzen 5 5500,2026-03-25,,458
AMD Ryzen 5 5500GT,2026-03-25,,730
AMD Ryzen 5 5500X3D,2026-03-25,,1075
AMD Ryzen 5 5600,2026-03-25,,660
AMD Ryzen 5 5600G,2026-03-25,,726
AMD Ryzen 5 5600GT,2026-03-25,,780
AMD Ryzen 5 5600X,2026-03-25,,719
AMD Ryzen 5 7400F,2026-03-25,,540
AMD Ryzen 5 7500F,2026-03-25,,600
AMD Ryzen 5 7600,2026-03-25,,650
AMD Ryzen 5 7600X,2026-03-25,,802
AMD Ryzen 5 7600X3D,2026-03-25,,1650
AMD Ryzen 5 8400F,2026-03-25,,474
AMD Ryzen 5 8600G,2026-03-25,,900
AMD Ryzen 5 9500F,2026-03-25,,835
AMD Ryzen 5 9600X,2026-03-25,,980
AMD Ryzen 7 3700X,2026-03-25,,480
AMD Ryzen 7 3800X,2026-03-25,,540
AMD Ryzen 7 5700G,2026-03-25,,900
AMD Ryzen 7 5700X,2026-03-25,,860
AMD Ryzen 7 5700X3D,2026-03-25,,1700
AMD Ryzen 7 5800,2026-03-25,,888
AMD Ryzen 7 5800X,2026-03-25,,910
AMD Ryzen 7 5800X3D,2026-03-25,,2400
AMD Ryzen 7 7700,2026-03-25,,830
AMD Ryzen 7 7700X,2026-03-25,,1070
AMD Ryzen 7 7800X3D,2026-03-25,,1761
AMD Ryzen 7 8700F,2026-03-25,,780
AMD Ryzen 7 8700G,2026-03-25,,1350
AMD Ryzen 7 9700X,2026-03-25,,1407
AMD Ryzen 7 9800X3D,2026-03-25,,2697
AMD Ryzen 9 3900X,2026-03-25,,779
AMD Ryzen 9 3950X,2026-03-25,,1199
AMD Ryzen 9 5900X,2026-03-25,,1315
AMD Ryzen 9 5950X,2026-03-25,,1712
AMD Ryzen 9 7900X,2026-03-25,,1350
AMD Ryzen 9 7900X3D,2026-03-25,,1800
AMD Ryzen 9 7950X,2026-03-25,,1800
AMD Ryzen 9 7950X3D,2026-03-25,,2369
AMD Ryzen 9 9900X,2026-03-25,,1989
AMD Ryzen 9 9900X3D,2026-03-25,,2750
AMD Ryzen 9 9950X,2026-03-25,,2741
AMD Ryzen 9 9950X3D,2026-03-25,,3600
INTEL Core Ultra 5 225,2026-03-25,,820
INTEL Core Ultra 5 225F,2026-03-25,,693
INTEL Core Ultra 5 230F,2026-03-25,,722
INTEL Core Ultra 5 235,2026-03-25,,950
INTEL Core Ultra 5 245K,2026-03-25,,1080
INTEL Core Ultra 5 245KF,2026-03-25,,1060
INTEL Core Ultra 5 250K Plus,2026-03-25,,1545
INTEL Core Ultra 7 265K,2026-03-25,,1550
INTEL Core Ultra 7 265KF,2026-03-25,,1450
INTEL Core Ultra 7 270K Plus,2026-03-25,,2239
INTEL Core Ultra 9 285K,2026-03-25,,3400
INTEL Core i3-10100,2026-03-25,,500
INTEL Core i3-10100F,2026-03-25,,360
INTEL Core i3-10105,2026-03-25,,525
INTEL Core i3-10105F,2026-03-25,,375
INTEL Core i3-12100,2026-03-25,,820
INTEL Core i3-12100F,2026-03-25,,575
INTEL Core i3-13100,2026-03-25,,710
INTEL Core i3-13100F,2026-03-25,,595
INTEL Core i3-14100,2026-03-25,,850
INTEL Core i3-14100F,2026-03-25,,637
INTEL Core i5-10400,2026-03-25,,730
INTEL Core i5-10400F,2026-03-25,,630
INTEL Core i5-10600K,2026-03-25,,628
INTEL Core i5-10600KF,2026-03-25,,611
INTEL Core i5-11400,2026-03-25,,760
INTEL Core i5-11400F,2026-03-25,,680
INTEL Core i5-11600K,2026-03-25,,780
INTEL Core i5-11600KF,2026-03-25,,705
INTEL Core i5-12400,2026-03-25,,1102
INTEL Core i5-12400F,2026-03-25,,830
INTEL Core i5-12490F,2026-03-25,,820
INTEL Core i5-12500,2026-03-25,,960
INTEL Core i5-12600K,2026-03-25,,1199
INTEL Core i5-12600KF,2026-03-25,,1016
INTEL Core i5-13400,2026-03-25,,1328
INTEL Core i5-13400F,2026-03-25,,920
INTEL Core i5-13490F,2026-03-25,,910
INTEL Core i5-13500,2026-03-25,,1280
INTEL Core i5-13600K,2026-03-25,,1282
INTEL Core i5-13600KF,2026-03-25,,1250
INTEL Core i5-14400,2026-03-25,,1350
INTEL Core i5-14400F,2026-03-25,,990
INTEL Core i5-14490F,2026-03-25,,1030
INTEL Core i5-14500,2026-03-25,,1350
INTEL Core i5-14600K,2026-03-25,,1400
INTEL Core i5-14600KF,2026-03-25,,1369
INTEL Core i7-10700,2026-03-25,,1251
INTEL Core i7-10700F,2026-03-25,,985
INTEL Core i7-10700K,2026-03-25,,1700
INTEL Core i7-10700KF,2026-03-25,,1010
INTEL Core i7-11700,2026-03-25,,1377
INTEL Core i7-11700F,2026-03-25,,1050
INTEL Core i7-11700K,2026-03-25,,1392
INTEL Core i7-11700KF,2026-03-25,,1030
INTEL Core i7-12700,2026-03-25,,2004
INTEL Core i7-12700F,2026-03-25,,1620
INTEL Core i7-12700K,2026-03-25,,2011
INTEL Core i7-12700KF,2026-03-25,,1729
INTEL Core i7-13700,2026-03-25,,1998
INTEL Core i7-13700F,2026-03-25,,1655
INTEL Core i7-13700K,2026-03-25,,2000
INTEL Core i7-13700KF,2026-03-25,,1670
INTEL Core i7-14700,2026-03-25,,2382
INTEL Core i7-14700F,2026-03-25,,1899
INTEL Core i7-14700K,2026-03-25,,2400
INTEL Core i7-14700KF,2026-03-25,,1950
INTEL Core i9-10850K,2026-03-25,,1589
INTEL Core i9-10900,2026-03-25,,2775
INTEL Core i9-10900F,2026-03-25,,1555
INTEL Core i9-10900K,2026-03-25,,2740
INTEL Core i9-10900KF,2026-03-25,,1550
INTEL Core i9-11900,2026-03-25,,1850
INTEL Core i9-11900F,2026-03-25,,1400
INTEL Core i9-11900K,2026-03-25,,2080
INTEL Core i9-11900KF,2026-03-25,,1420
INTEL Core i9-12900K,2026-03-25,,2255
INTEL Core i9-12900KF,2026-03-25,,1900
INTEL Core i9-12900KS,2026-03-25,,2012
INTEL Core i9-13900K,2026-03-25,,1900
INTEL Core i9-13900KF,2026-03-25,,1800
INTEL Core i9-13900KS,2026-03-25,,2050
INTEL Core i9-14900,2026-03-25,,2515
INTEL Core i9-14900K,2026-03-25,,2800
INTEL Core i9-14900KF,2026-03-25,,2550
INTEL Core i9-14900KS,2026-03-25,,3000
AMD Ryzen 5 5500,2026-12-23,469,
AMD Ryzen 5 5500GT,2026-12-23,799,
AMD Ryzen 5 5600,2026-12-23,709,
AMD Ryzen 5 5600GT,2026-12-23,869,
AMD Ryzen 5 5600X,2026-12-23,745,
AMD Ryzen 5 7400F,2026-12-23,769,
AMD Ryzen 5 7500F,2026-12-23,819,
AMD Ryzen 5 7600X,2026-12-23,1089,
AMD Ryzen 5 8400F,2026-12-23,769,
AMD Ryzen 5 8600G,2026-12-23,1219,
AMD Ryzen 5 9500F,2026-12-23,1110,
AMD Ryzen 5 9600X,2026-12-23,1279,
AMD Ryzen 7 5700G,2026-12-23,1089,
AMD Ryzen 7 5700X,2026-12-23,919,
AMD Ryzen 7 5700X3D,2026-12-23,1880,
AMD Ryzen 7 7700,2026-12-23,1339,
AMD Ryzen 7 7800X3D,2026-12-23,1999,
AMD Ryzen 7 8700F,2026-12-23,999,
AMD Ryzen 7 8700G,2026-12-23,1719,
AMD Ryzen 7 9700X,2026-12-23,1689,
AMD Ryzen 7 9800X3D,2026-12-23,2989,
AMD Ryzen 9 9900X,2026-12-23,2549,
AMD Ryzen 9 9900X3D,2026-12-23,3399,
AMD Ryzen 9 9950X,2026-12-23,3199,
AMD Ryzen 9 9950X3D,2026-12-23,4499,
INTEL Core Ultra 5 225,2026-12-23,1010,
INTEL Core Ultra 5 225F,2026-12-23,835,
INTEL Core Ultra 5 230F,2026-12-23,879,
INTEL Core Ultra 5 235,2026-12-23,1240,
INTEL Core Ultra 5 245K,2026-12-23,1340,
INTEL Core Ultra 5 245KF,2026-12-23,1229,
INTEL Core Ultra 5 250K Plus,2026-12-23,1340,
INTEL Core Ultra 5 250KF Plus,2026-12-23,1340,
INTEL Core Ultra 7 265K,2026-12-23,1799,
INTEL Core Ultra 7 265KF,2026-12-23,1680,
INTEL Core Ultra 7 270K Plus,2026-12-23,3399,
INTEL Core Ultra 9 285K,2026-12-23,3399,
INTEL Core i3-12100,2026-12-23,809,
INTEL Core i3-12100F,2026-12-23,499,
INTEL Core i3-13100,2026-12-23,765,
INTEL Core i3-13100F,2026-12-23,480,
INTEL Core i3-14100,2026-12-23,850,
INTEL Core i3-14100F,2026-12-23,555,
INTEL Core i5-12400,2026-12-23,1199,
INTEL Core i5-12400F,2026-12-23,809,
INTEL Core i5-12490F,2026-12-23,815,
INTEL Core i5-12500,2026-12-23,1235,
INTEL Core i5-12600K,2026-12-23,1240,
INTEL Core i5-12600KF,2026-12-23,990,
INTEL Core i5-13400,2026-12-23,1529,
INTEL Core i5-13400F,2026-12-23,870,
INTEL Core i5-13490F,2026-12-23,880,
INTEL Core i5-13500,2026-12-23,1270,
INTEL Core i5-13600K,2026-12-23,1330,
INTEL Core i5-13600KF,2026-12-23,1110,
INTEL Core i5-14400,2026-12-23,1420,
INTEL Core i5-14400F,2026-12-23,980,
INTEL Core i5-14490F,2026-12-23,1000,
INTEL Core i5-14500,2026-12-23,1410,
INTEL Core i5-14600K,2026-12-23,1388,
INTEL Core i5-14600KF,2026-12-23,1370,
INTEL Core i7-12700K,2026-12-23,1870,
INTEL Core i7-12700KF,2026-12-23,1460,
INTEL Core i7-14700,2026-12-23,2550,
INTEL Core i7-14700F,2026-12-23,1979,
INTEL Core i7-14700K,2026-12-23,2579,
INTEL Core i7-14700KF,2026-12-23,2079,
INTEL Core i9-14900K,2026-12-23,3150,
INTEL Core i9-14900KF,2026-12-23,2799,
